"date","count","min","max","mean","median","mode","standardDev"
"2018-01-01","428","2","9000","791","465","500","1051"
"2018-01-02","1085","9","154000","1810","450","300","6845"
"2018-01-03","1168","2","179000","1328","402","350","6311"
"2018-01-04","912","1","46679","1115","390","250","3218"
"2018-01-05","1009","6","230000","1479","430","350","9811"
"2018-01-06","415","10","67000","720","350","400","3356"
"2018-01-07","360","10","75999","712","340","250","4036"
"2018-01-08","1310","1","45000","1019","432","200","2782"
"2018-01-09","835","2","175000","1071","400","300","6215"
"2018-01-10","827","4","219819","1144","360","200","8340"
"2018-01-11","768","1","82000","1004","375","300","3899"
"2018-01-12","925","1","55900","1137","390","300","3043"
"2018-01-13","318","5","320000","1618","339","200","17920"
"2018-01-14","334","3","27500","810","350","450","2179"
"2018-01-15","1228","3","60000","1201","420","300","4030"
"2018-01-16","978","3","152280","1357","407","250","5953"
"2018-01-17","870","10","79799","1295","420","300","5217"
"2018-01-18","801","3","90000","970","400","250","3565"
"2018-01-19","809","8","89000","1267","420","250","5780"
"2018-01-20","244","6","89000","829","303","250","5687"
"2018-01-21","353","10","115000","925","350","200","6138"
"2018-01-22","1078","3","210000","1390","419","200","8082"
"2018-01-23","1088","1","117600","993","420","250","4155"
"2018-01-24","928","6","45000","1053","420","600","2811"
"2018-01-25","743","3","19900","744","360","350","1409"
"2018-01-26","762","1","327000","1423","400","200","12122"
"2018-01-27","322","3","31535","646","300","300","1950"
"2018-01-28","293","3","65000","814","295","250","4052"
"2018-01-29","924","3","43500","1097","450","200","3038"
"2018-01-30","923","1","275000","1447","420","500","10129"
"2018-01-31","1076","1","275000","1485","390","300","9476"
"2018-02-01","860","2","152000","1138","370","200","5679"
"2018-02-02","576","3","55000","913","380","350","2674"
"2018-02-03","544","8","52500","1611","430","400","4204"
"2018-02-04","341","8","52500","975","350","350","3871"
"2018-02-05","1188","1","39999","984","427","350","2393"
"2018-02-06","975","5","152280","1222","400","200","5739"
"2018-02-07","898","8","46679","1017","395","200","2971"
"2018-02-08","707","8","85000","1221","400","250","4415"
"2018-02-09","679","1","58650","1341","430","350","3251"
"2018-02-10","371","15","21000","922","400","300","2006"
"2018-02-11","336","2","21000","754","362","300","1758"
"2018-02-12","986","2","27000","1085","450","300","2536"
"2018-02-13","873","2","653400","2305","400","250","24762"
"2018-02-14","737","3","29793","975","430","300","1893"
"2018-02-15","682","6","30000","942","400","300","2069"
"2018-02-16","489","15","24000","894","386","200","1790"
"2018-02-17","337","1","23220","975","370","200","2529"
"2018-02-18","304","15","11250","662","350","200","1032"
"2018-02-19","1077","5","297992","1395","450","200","10912"
"2018-02-20","887","5","46500","1054","400","300","2693"
"2018-02-21","837","1","71000","1228","420","300","3756"
"2018-02-22","735","1","49000","1194","400","350","3312"
"2018-02-23","527","1","70000","943","370","200","3687"
"2018-02-24","358","6","49000","1424","360","250","4429"
"2018-02-25","304","1","340000","2012","310","200","19723"
"2018-02-26","936","2","139500","1242","400","200","5663"
"2018-02-27","800","4","41500","927","380","200","2437"
"2018-02-28","1001","3","154000","2047","435","200","7701"
"2018-03-01","844","1","55000","1156","400","500","3784"
"2018-03-02","708","5","160000","1356","450","250","7373"
"2018-03-03","387","1","36322","1009","360","250","2703"
"2018-03-04","374","7","15677","747","330","250","1391"
"2018-03-05","1100","3","190000","1283","419","200","6496"
"2018-03-06","913","2","40000","897","430","250","2206"
"2018-03-07","828","2","26050","971","404","200","1900"
"2018-03-08","602","5","190000","1303","400","350","8245"
"2018-03-09","594","8","15500","898","400","350","1610"
"2018-03-10","396","10","15500","944","410","200","1879"
"2018-03-11","356","10","119000","1411","380","300","8326"
"2018-03-12","1071","3","45000","994","420","250","2462"
"2018-03-13","876","5","1000000","2139","400","350","33802"
"2018-03-14","834","5","58500","1508","449","250","4496"
"2018-03-15","880","5","146781","1667","488","350","6578"
"2018-03-16","703","3","35123","1050","420","250","2656"
"2018-03-17","412","10","25718","780","350","200","1808"
"2018-03-18","261","8","29250","757","350","200","2227"
"2018-03-19","1107","10","60000","1071","450","200","3631"
"2018-03-20","882","10","80000","1103","450","300","4023"
"2018-03-21","843","2","175000","1407","400","350","7348"
"2018-03-22","770","1","374000","1395","404","350","13548"
"2018-03-23","639","4","109000","1120","370","300","4856"
"2018-03-24","324","4","15000","691","370","300","1260"
"2018-03-25","345","8","52000","918","350","250","3133"
"2018-03-26","908","2","71964","1246","420","250","3950"
"2018-03-27","868","2","35481","1109","443","300","2424"
"2018-03-28","760","2","250000","1209","399","250","9175"
"2018-03-29","750","4","79900","1764","460","200","5221"
"2018-03-30","578","4","48400","1314","500","600","3301"
"2018-03-31","261","4","36982","1163","430","250","3297"
"2018-04-01","262","7","36982","991","300","250","3194"
"2018-04-02","390","6","88000","1462","460","200","5317"
"2018-04-03","553","5","36982","1341","420","200","3680"
"2018-04-04","631","4","48400","1229","435","350","3404"
"2018-04-05","373","1","22525","819","350","200","1769"
"2018-04-06","542","1","36982","1314","500","500","2879"
"2018-04-07","338","5","27000","1385","542","500","3066"
"2018-04-08","267","11","80000","1991","500","250","5927"
"2018-04-09","661","1","19440","968","480","500","1834"
"2018-04-10","543","1","60750","1762","430","350","5052"
"2018-04-11","483","1","52500","1220","400","250","3771"
"2018-04-12","456","1","33600","1195","450","350","2804"
"2018-04-13","543","4","27000","1393","500","350","3074"
"2018-04-14","280","6","275000","2595","500","200","16678"
"2018-04-15","271","3","27000","1274","470","1500","2534"
"2018-04-16","495","1","1700000","4418","420","200","76349"
"2018-04-17","561","2","2500000","5461","441","450","105435"
"2018-04-18","474","2","25000","967","361","200","2314"
"2018-04-19","378","1","25000","949","390","250","2108"
"2018-04-20","398","4","25000","1111","450","350","2197"
"2018-04-21","321","14","25000","1291","420","250","2857"
"2018-04-22","290","5","25000","1252","397","500","2775"
"2018-04-23","513","1","25000","947","450","350","2046"
"2018-04-24","477","1","129000","1270","400","250","6545"
"2018-04-25","417","2","16940","836","400","250","1625"
"2018-04-26","393","10","12000","830","400","150","1317"
"2018-04-27","340","2","13500","842","355","100","1660"
"2018-04-28","213","10","12000","671","350","250","1170"
"2018-04-29","273","5","12000","584","270","200","1123"
"2018-04-30","314","10","15000","979","500","200","1617"
"2018-05-01","260","3","14503","657","330","300","1370"
"2018-05-02","401","1","18000","672","320","250","1363"
"2018-05-03","408","1","27255","971","350","350","2465"
"2018-05-04","292","1","10000","743","350","300","1257"
"2018-05-05","190","7","4820","519","350","350","671"
"2018-05-06","213","1","27255","1137","380","200","2423"
"2018-05-07","571","1","48400","1034","400","250","2834"
"2018-05-08","574","4","27255","898","400","200","1810"
"2018-05-09","507","5","27255","847","375","350","1929"
"2018-05-10","458","3","82000","969","385","300","4056"
"2018-05-11","396","5","12000","922","450","250","1388"
"2018-05-12","266","5","49000","1075","422","250","3642"
"2018-05-13","246","1","13500","1030","350","200","1632"
"2018-05-14","607","3","12720","904","500","250","1347"
"2018-05-15","459","3","30000","1135","435","350","2827"
"2018-05-16","415","1","30000","968","350","400","2544"
"2018-05-17","429","1","30000","938","397","350","2129"
"2018-05-18","375","4","30000","1116","440","250","2639"
"2018-05-19","243","4","12000","932","380","250","1595"
"2018-05-20","247","15","13770","1162","400","250","1897"
"2018-05-21","487","1","3329474","7711","400","450","150687"
"2018-05-22","436","5","16660","1012","415","200","1992"
"2018-05-23","451","4","31219","1107","360","300","2824"
"2018-05-24","379","5","20500","881","400","300","1840"
"2018-05-25","358","10","30000","1234","485","300","3107"
"2018-05-26","259","10","30000","1254","450","200","3387"
"2018-05-27","240","2","30000","1275","477","250","2879"
"2018-05-28","523","4","30000","947","475","350","2025"
"2018-05-29","451","3","30000","976","350","250","2448"
"2018-05-30","401","2","30000","1001","380","250","2681"
"2018-05-31","453","1","30000","1160","380","200","2906"
"2018-06-01","408","1","63650","1227","350","300","4026"
"2018-06-02","282","3","30000","1382","445","7990","2906"
"2018-06-03","221","15","30000","1098","390","200","2729"
"2018-06-04","466","7","30000","730","370","350","1897"
"2018-06-05","472","1","16100","848","381","500","1717"
"2018-06-06","445","4","16000","664","390","200","1194"
"2018-06-07","417","3","9000","760","368","300","1211"
"2018-06-08","339","4","138000","1247","390","350","7616"
"2018-06-09","230","3","12500","918","416","300","1748"
"2018-06-10","224","4","16800","984","280","280","2012"
"2018-06-11","515","6","15000","767","400","600","1369"
"2018-06-12","412","6","12500","839","387","200","1439"
"2018-06-13","453","1","31500","884","400","150","1886"
"2018-06-14","363","1","31500","902","400","300","2354"
"2018-06-15","373","4","41250","689","350","300","2253"
"2018-06-16","225","3","13000","643","320","200","1296"
"2018-06-17","161","5","13000","842","260","200","1985"
"2018-06-18","397","1","18000","766","350","250","1358"
"2018-06-19","426","3","21596","813","388","300","1785"
"2018-06-20","401","10","21000","894","380","200","1650"
"2018-06-21","373","8","15500","1012","420","500","1654"
"2018-06-22","231","5","13500","879","350","250","1722"
"2018-06-23","136","25","7651","702","355","250","958"
"2018-06-24","224","17","9000","735","275","40","1253"
"2018-06-25","615","8","15600","1015","500","500","1747"
"2018-06-26","436","1","21000","916","385","250","1633"
"2018-06-27","406","1","33850","706","349","200","1885"
"2018-06-28","371","1","11473","678","375","250","1015"
"2018-06-29","339","4","11473","586","290","200","1125"
"2018-06-30","226","1","12000","626","330","250","1043"
"2018-07-01","207","6","10000","655","290","200","1192"
"2018-07-02","441","1","13380","623","350","250","961"
"2018-07-03","413","10","48400","1022","370","450","3168"
"2018-07-04","398","3","72420","1013","400","400","4013"
"2018-07-05","454","5","18870","1127","426","350","2416"
"2018-07-06","420","1","15600","992","423","300","1774"
"2018-07-07","236","4","14400","1023","365","300","2016"
"2018-07-08","203","25","16000","1166","435","200","1929"
"2018-07-09","320","5","14400","864","380","300","1695"
"2018-07-10","503","3","16942","968","375","350","1852"
"2018-07-11","422","1","16650","816","350","650","1544"
"2018-07-12","453","2","25906","748","350","500","1678"
"2018-07-13","364","5","25906","838","400","500","1774"
"2018-07-14","228","12","13316","764","380","1000","1385"
"2018-07-15","251","10","25906","1121","380","350","2391"
"2018-07-16","496","5","15000","774","375","500","1467"
"2018-07-17","416","2","16150","953","380","400","1810"
"2018-07-18","389","3","60750","1273","400","200","4097"
"2018-07-19","424","1","13500","1022","447","240","1761"
"2018-07-20","339","1","20500","985","450","200","1941"
"2018-07-21","210","3","15000","943","380","250","1834"
"2018-07-22","211","9","9000","975","480","250","1361"
"2018-07-23","536","1","18453","876","465","200","1474"
"2018-07-24","437","1","13585","952","499","500","1504"
"2018-07-25","449","10","18453","937","433","300","1709"
"2018-07-26","379","5","10000","928","420","200","1582"
"2018-07-27","316","7","34300","896","390","250","2331"
"2018-07-28","206","13","34300","1142","365","250","3034"
"2018-07-29","236","2","34300","1163","450","250","2750"
"2018-07-30","424","5","299000","1511","361","200","14564"
"2018-07-31","446","4","9800","752","420","350","1078"
"2018-08-01","431","7","25000","843","390","500","1863"
"2018-08-02","422","7","34960","749","370","250","1973"
"2018-08-03","343","8","12610","718","360","350","1418"
"2018-08-04","255","1","45000","865","350","350","3111"
"2018-08-05","203","1","13500","567","300","300","1296"
"2018-08-06","360","1","9600","625","330","350","1032"
"2018-08-07","468","2","14000","777","350","300","1543"
"2018-08-08","439","5","18000","1008","390","300","2011"
"2018-08-09","401","3","31509","962","400","300","2147"
"2018-08-10","349","4","42000","1027","400","600","2841"
"2018-08-11","221","1","15125","1084","400","400","2253"
"2018-08-12","213","2","15125","822","295","300","2018"
"2018-08-13","393","2","26595","883","340","200","2331"
"2018-08-14","517","10","26836","913","360","350","2274"
"2018-08-15","549","1","48400","1221","393","350","4223"
"2018-08-16","462","5","15525","831","450","200","1461"
"2018-08-17","435","10","8900","725","400","250","1048"
"2018-08-18","255","9","21315","966","390","150","1891"
"2018-08-19","201","4","12345","850","340","250","1501"
"2018-08-20","443","1","15442","740","350","200","1362"
"2018-08-21","418","1","8580","595","360","350","847"
"2018-08-22","496","5","50000","854","440","250","2471"
"2018-08-23","457","2","13500","858","447","250","1329"
"2018-08-24","384","1","13500","619","350","350","1085"
"2018-08-25","218","8","111443","1173","350","200","7597"
"2018-08-26","238","5","7500","464","250","180","730"
"2018-08-27","362","7","7500","616","300","250","941"
"2018-08-28","472","5","117500","1134","392","250","5810"
"2018-08-29","457","2","9000","661","350","200","952"
"2018-08-30","479","1","48400","1037","370","600","3618"
"2018-08-31","430","1","35000","707","360","250","1890"
"2018-09-01","256","24","9775","707","375","200","1040"
"2018-09-02","195","15","163000","1318","300","200","11633"
"2018-09-03","429","10","20500","803","350","250","1720"
"2018-09-04","572","3","19574","848","450","250","1590"
"2018-09-05","489","1","105000","965","440","200","4833"
"2018-09-06","461","3","19677","976","400","500","2177"
"2018-09-07","420","4","299000","2405","450","200","15280"
"2018-09-08","259","7","675555","3451","399","200","41870"
"2018-09-09","192","15","13500","616","300","250","1378"
"2018-09-10","449","4","30000","729","420","250","1660"
"2018-09-11","450","7","60750","1068","445","250","3436"
"2018-09-12","431","1","290000","1536","360","300","14046"
"2018-09-13","369","4","13956","909","400","400","1597"
"2018-09-14","383","7","15000","982","448","350","1635"
"2018-09-15","256","4","25000","1105","370","200","2701"
"2018-09-16","206","10","13380","640","304","200","1380"
"2018-09-17","652","1","25906","944","440","250","1668"
"2018-09-18","868","2","60100","1237","550","500","3884"
"2018-09-19","381","1","17798","817","400","500","1714"
"2018-09-20","313","1","22500","854","380","350","1874"
"2018-09-21","268","6","12720","937","400","400","1689"
"2018-09-22","202","10","21760","623","327","200","1632"
"2018-09-23","200","20","6000","685","324","250","937"
"2018-09-24","312","1","8160","562","370","500","773"
"2018-09-25","389","3","14312","717","350","200","1362"
"2018-09-26","393","4","15000","844","355","350","1554"
"2018-09-27","369","3","7916","738","380","350","963"
"2018-09-28","374","1","35200","1006","350","150","2930"
"2018-09-29","273","2","35200","963","300","250","2741"
"2018-09-30","281","7","14179","853","280","200","1626"
"2018-10-01","448","1","19469","676","390","300","1207"
"2018-10-02","463","13","39000","684","364","550","1969"
"2018-10-03","451","1","18000","801","380","200","1502"
"2018-10-04","422","5","259308","1487","370","350","12945"
"2018-10-05","371","5","60000","1105","395","250","3735"
"2018-10-06","288","1","4500","594","362","250","708"
"2018-10-07","246","1","7000","725","340","250","1009"
"2018-10-08","469","3","52500","1084","400","500","3729"
"2018-10-09","380","1","30000","653","350","350","1650"
"2018-10-10","429","1","260400","2090","350","600","17879"
"2018-10-11","388","3","58500","935","400","250","3382"
"2018-10-12","305","1","25906","1193","430","200","3140"
"2018-10-13","222","2","49500","1428","360","200","4438"
"2018-10-14","284","1","25906","864","250","100","2374"
"2018-10-15","557","2","19574","878","450","1000","1453"
"2018-10-16","382","2","15600","717","341","200","1439"
"2018-10-17","394","25","45500","954","420","200","2906"
"2018-10-18","254","7","6896","611","322","250","903"
"2018-10-19","438","3","36360","1133","483","200","3097"
"2018-10-20","226","9","117600","1251","330","250","7979"
"2018-10-21","207","4","13500","678","350","200","1187"
"2018-10-22","463","1","18000","767","430","250","1398"
"2018-10-23","346","3","60750","990","350","350","3590"
"2018-10-24","370","2","13380","772","350","250","1560"
"2018-10-25","320","2","56134","927","350","200","3476"
"2018-10-26","350","1","9000","791","365","150","1184"
"2018-10-27","197","8","5500","548","350","300","668"
"2018-10-28","166","1","16695","682","259","250","1574"
"2018-10-29","503","1","18000","876","435","250","1756"
"2018-10-30","441","5","20400","779","350","350","1557"
"2018-10-31","365","8","390000","2657","300","200","28760"
"2018-11-01","368","7","6600000","18558","320","250","343549"
"2018-11-02","308","15","4665","574","350","300","705"
"2018-11-03","207","5","25272","660","320","380","1968"
"2018-11-04","193","1","7000","521","275","400","773"
"2018-11-05","492","1","20425","731","380","200","1312"
"2018-11-06","398","2","21000","788","350","250","1675"
"2018-11-07","361","3","18000","712","350","200","1496"
"2018-11-08","280","2","80000","1067","430","900","4893"
"2018-11-09","233","8","23770","1063","490","400","2270"
"2018-11-10","122","25","10000","1023","477","350","1565"
"2018-11-11","102","21","5900","615","435","600","767"
"2018-11-12","255","30","25906","1029","600","500","2048"
"2018-11-13","73","20","140450","2642","330","70","16273"
"2018-11-14","80","15","7916","945","240","100","1681"
"2018-11-15","127","1","24750","1242","352","250","2708"
"2018-11-16","201","2","63000","871","300","300","4495"
"2018-11-17","850","1","17932","889","520","350","1314"
"2018-11-18","135","15","3000","509","300","250","538"
"2018-11-19","396","15","25906","708","400","250","1546"
"2018-11-20","426","3","20425","770","350","250","1726"
"2018-11-21","374","1","950000","3735","398","450","49560"
"2018-11-22","397","1","13500","1012","420","350","1853"
"2018-11-23","282","4","7926","842","408","250","1299"
"2018-11-24","235","1","10444","721","350","250","1261"
"2018-11-25","189","6","6000","482","300","200","719"
"2018-11-26","462","1","35200","872","407","250","2223"
"2018-11-27","394","10","23490","938","389","250","1995"
"2018-11-28","433","1","55000","1481","424","250","4354"
"2018-11-29","391","15","30000","1115","425","300","2846"
"2018-11-30","363","7","30000","942","350","300","2344"
"2018-12-01","320","7","28750","951","350","200","2372"
"2018-12-02","173","20","10000","751","300","200","1424"
"2018-12-03","545","2","20463","841","350","250","1697"
"2018-12-04","524","2","31500","760","400","250","1660"
"2018-12-05","327","1","24300","698","370","450","1522"
"2018-12-06","349","4","8706","717","420","650","979"
"2018-12-07","337","9","28000","837","400","400","1967"
"2018-12-08","254","7","17360","952","411","450","2005"
"2018-12-09","204","10","55000","1264","397","500","4251"
"2018-12-10","524","1","227000","2030","400","250","16703"
"2018-12-11","377","4","18954","775","330","200","1549"
"2018-12-12","430","4","15600","882","390","200","1679"
"2018-12-13","399","7","11770","788","380","200","1255"
"2018-12-14","285","1","35500","916","420","250","2675"
"2018-12-15","203","10","7500","616","310","250","978"
"2018-12-16","201","1","13500","521","265","250","1092"
"2018-12-17","490","15","25906","965","500","600","1962"
"2018-12-18","304","2","24750","823","330","200","2122"
"2018-12-19","338","5","18000","886","420","500","1608"
"2018-12-20","273","7","9375","916","450","250","1346"
"2018-12-21","235","1","9375","835","400","250","1392"
"2018-12-22","170","20","7350","624","365","250","829"
"2018-12-23","196","10","5300","525","285","200","715"
"2018-12-24","303","14","42500","1003","500","500","2931"
"2018-12-25","102","8","5500","514","280","250","828"
"2018-12-26","164","8","7500","587","340","50","1045"
"2018-12-27","248","15","9656","649","350","250","1053"
"2018-12-28","331","2","50000","904","400","250","2848"
"2018-12-29","187","2","6840","633","390","250","879"
"2018-12-30","190","18","6000","549","312","250","732"
"2018-12-31","267","1","7500","992","636","600","1074"
"2019-01-01","135","6","3080","497","360","250","517"
"2019-01-02","384","6","2850000","8209","355","250","145220"
"2019-01-03","485","7","7926","760","380","200","1110"
"2019-01-04","469","5","35200","1093","340","250","2963"
"2019-01-05","315","1","250000","2340","400","400","14895"
"2019-01-06","208","1","40000","936","310","250","3374"
"2019-01-07","706","4","40000","950","403","300","2190"
"2019-01-08","481","1","17360","782","400","500","1291"
"2019-01-09","391","1","11500","743","370","350","1368"
"2019-01-10","394","8","50000000","127842","387","400","2515721"
"2019-01-11","344","3","11500","666","370","200","1118"
"2019-01-12","265","8","5545","607","341","250","778"
"2019-01-13","178","1","8437","625","350","400","912"
"2019-01-14","567","3","25300","925","495","600","1921"
"2019-01-15","484","2","52500","1379","450","600","4312"
"2019-01-16","426","7","155000","1497","405","250","8316"
"2019-01-17","437","12","42000","825","350","200","2522"
"2019-01-18","399","2","135000","1585","350","350","8534"
"2019-01-19","265","1","20580","796","400","250","1794"
"2019-01-20","202","1","9680","738","359","300","1231"
"2019-01-21","617","3","42500","944","450","500","2831"
"2019-01-22","398","1","12000","668","360","250","1106"
"2019-01-23","371","1","11770","782","350","200","1431"
"2019-01-24","379","10","26400","858","420","250","1702"
"2019-01-25","337","3","15075","928","420","450","1769"
"2019-01-26","237","10","20000","684","360","250","1511"
"2019-01-27","164","10","5000","486","285","250","658"
"2019-01-28","328","10","20000","689","320","250","1724"
"2019-01-29","399","1","260000","1394","400","250","13001"
"2019-01-30","371","4","9000","688","400","250","992"
"2019-01-31","356","2","15430","807","400","200","1335"
"2019-02-01","429","5","19600","761","375","200","1550"
"2019-02-02","239","1","8348","629","350","200","908"
"2019-02-03","207","6","123456","1399","330","250","8774"
"2019-02-04","389","4","10000","759","350","200","1172"
"2019-02-05","479","2","36750","888","360","350","2073"
"2019-02-06","565","3","15840","948","480","500","1678"
"2019-02-07","564","7","42500","976","500","500","2361"
"2019-02-08","328","1","45600","1329","440","300","3266"
"2019-02-09","271","1","189500","1508","400","450","11542"
"2019-02-10","210","10","7500","638","330","450","1086"
"2019-02-11","316","3","45600","1215","350","350","3339"
"2019-02-12","462","1","12703","892","400","250","1594"
"2019-02-13","348","2","45778","997","400","500","2968"
"2019-02-14","378","5","290000","1519","400","450","14893"
"2019-02-15","354","2","25906","940","425","450","2249"
"2019-02-16","274","3","25906","970","417","250","2314"
"2019-02-17","185","7","20463","686","300","200","1807"
"2019-02-18","369","2","21000","662","350","250","1399"
"2019-02-19","484","9","24750","883","382","350","1975"
"2019-02-20","395","7","330000","1715","400","350","16628"
"2019-02-21","374","3","20463","904","400","250","1720"
"2019-02-22","450","2","91000","1211","450","250","4777"
"2019-02-23","257","1","25200","922","400","450","2277"
"2019-02-24","195","7","18000","1203","360","300","2222"
"2019-02-25","322","1","9000000","28703","360","500","500730"
"2019-02-26","527","1","40000","1016","400","350","2935"
"2019-02-27","402","7","36080","1180","362","300","3340"
"2019-02-28","388","5","31500","988","350","200","2381"
"2019-03-01","491","10","25200","1488","432","300","3018"
"2019-03-02","302","2","6000","707","350","250","1003"
"2019-03-03","213","2","28666","717","350","350","2259"
"2019-03-04","359","7","33440","709","350","250","1897"
"2019-03-05","451","4","60000","1043","390","200","3526"
"2019-03-06","383","10","45500","1097","389","1000","3228"
"2019-03-07","371","10","15840","959","400","200","1654"
"2019-03-08","313","4","76600","1862","400","300","8025"
"2019-03-09","891","2","42500","1000","590","500","2034"
"2019-03-10","545","1","55000","1437","600","300","3672"
"2019-03-11","982","6","260000","1603","600","450","8935"
"2019-03-12","1702","2","1000000","2736","780","450","24831"
"2019-03-13","1342","1","360000","1891","700","500","10903"
"2019-03-14","429","1","23500","931","420","250","1745"
"2019-03-15","380","1","4760000","13955","450","450","243829"
"2019-03-16","287","1","100000","1503","341","250","7094"
"2019-03-17","233","8","34000","834","300","250","3021"
"2019-03-18","512","7","60900","1341","450","250","4115"
"2019-03-19","456","6","15840","879","430","200","1380"
"2019-03-20","429","10","12699","865","420","200","1421"
"2019-03-21","508","2","40000","1329","550","250","2849"
"2019-03-22","350","5","14000","1122","450","250","2020"
"2019-03-23","230","8","104000","1560","395","250","7312"
"2019-03-24","204","15","390000","2470","300","300","27220"
"2019-03-25","489","4","24750","960","480","500","2023"
"2019-03-26","445","3","19500","794","400","500","1554"
"2019-03-27","466","10","36080","1208","455","300","2965"
"2019-03-28","361","2","34100","1084","400","300","3010"
"2019-03-29","319","6","21508","1039","370","300","2224"
"2019-03-30","233","1","5845","742","330","250","1172"
"2019-03-31","180","7","4000","407","277","250","464"
"2019-04-01","329","13","15000","874","330","200","1715"
"2019-04-02","452","1","36091","1092","395","200","2862"
"2019-04-03","379","3","23585","899","400","200","2210"
"2019-04-04","374","3","330000","1721","400","200","17079"
"2019-04-05","378","1","255000","1619","400","300","13187"
"2019-04-06","269","7","255000","1778","350","300","15559"
"2019-04-07","178","1","6000","628","395","500","838"
"2019-04-08","322","3","20000","979","336","250","2068"
"2019-04-09","477","5","19170","898","400","300","1488"
"2019-04-10","351","1","6935","667","400","450","941"
"2019-04-11","352","1","32415","1057","350","350","2839"
"2019-04-12","351","5","10000","851","400","350","1308"
"2019-04-13","242","20","10400","843","380","300","1441"
"2019-04-14","203","3","8085","688","320","200","1124"
"2019-04-15","363","1","30000","815","330","250","1944"
"2019-04-16","432","6","15192","806","380","700","1248"
"2019-04-17","377","1","70030","1248","420","800","4891"
"2019-04-18","313","10","19350","1170","450","450","2097"
"2019-04-19","245","10","28050","1136","450","200","2589"
"2019-04-20","132","15","21000","820","410","250","1957"
"2019-04-21","159","5","10000","768","390","500","1398"
"2019-04-22","138","10","12390","716","300","250","1612"
"2019-04-23","415","10","21000","869","350","300","1743"
"2019-04-24","392","3","14271","841","380","450","1380"
"2019-04-25","399","12","15840","749","430","450","1175"
"2019-04-26","294","10","11016","896","450","500","1374"
"2019-04-27","233","11","28265","1062","350","200","2968"
"2019-04-28","155","8","3500","521","290","250","658"
"2019-04-29","314","1","9120","701","350","200","1085"
"2019-04-30","383","5","17139","906","360","250","1731"
"2019-05-01","290","10","11456","790","356","350","1324"
"2019-05-02","309","4","45600","1156","340","200","3637"
"2019-05-03","411","10","21200","924","470","500","1906"
"2019-05-04","284","7","11683","657","400","500","1100"
"2019-05-05","163","10","3942","600","350","300","768"
"2019-05-06","221","15","18000","703","350","200","1437"
"2019-05-07","459","7","25200","815","388","300","1647"
"2019-05-08","466","10","17600","807","336","200","1630"
"2019-05-09","373","2","34000","916","350","350","2397"
"2019-05-10","305","8","90000","1400","375","300","5977"
"2019-05-11","251","1","90000","1670","400","350","6460"
"2019-05-12","157","10","10094","698","300","250","1274"
"2019-05-13","365","5","19470","995","420","250","2287"
"2019-05-14","506","5","39000","1039","400","350","2640"
"2019-05-15","408","5","36400","951","441","450","2223"
"2019-05-16","394","1","35481","1102","452","500","2910"
"2019-05-17","362","3","15680","1050","450","450","1815"
"2019-05-18","227","8","9297","786","441","200","1122"
"2019-05-19","146","8","7000","700","405","250","902"
"2019-05-20","386","15","18400","936","360","250","1922"
"2019-05-21","437","2","36080","1021","400","300","2678"
"2019-05-22","396","2","45000","1064","427","250","2894"
"2019-05-23","379","1","40000","1216","450","450","3288"
"2019-05-24","257","20","6000","811","450","250","1022"
"2019-05-25","130","10","5100","586","300","250","832"
"2019-05-26","201","4","7660","915","400","600","1452"
"2019-05-27","351","12","15840","734","300","200","1321"
"2019-05-28","285","2","10000","633","330","250","1038"
"2019-05-29","271","1","20000","708","332","500","1748"
"2019-05-30","277","4","12500","851","340","300","1447"
"2019-05-31","251","4","42500","1128","330","200","4011"
"2019-06-01","159","9","194400","2913","300","350","21619"
"2019-06-02","129","15","3000","412","250","300","527"
"2019-06-03","319","10","1250000","4756","300","250","69885"
"2019-06-04","323","1","18133","649","330","200","1276"
"2019-06-05","314","1","23320","904","300","200","2112"
"2019-06-06","283","2","44000","1456","400","250","4341"
"2019-06-07","208","10","265000","2127","350","500","18352"
"2019-06-08","108","4","4185","600","320","50","742"
"2019-06-09","382","1","17381","997","438","350","1961"
"2019-06-10","596","1","49999","1182","450","350","3260"
"2019-06-11","580","10","41040","1647","560","250","3786"
"2019-06-12","357","1","41040","879","351","200","2583"
"2019-06-13","264","2","19320","1125","380","300","2501"
"2019-06-14","211","12","25840","962","346","250","2546"
"2019-06-15","105","10","3500","393","280","250","462"
"2019-06-16","104","10","10000","573","250","150","1160"
"2019-06-17","271","4","8543","770","330","250","1282"
"2019-06-18","295","3","14100","696","300","250","1451"
"2019-06-19","266","1","30000","730","280","200","2286"
"2019-06-20","216","3","17600","774","380","400","1485"
"2019-06-21","142","8","14100","839","350","500","1851"
"2019-06-22","106","15","5200","750","364","35","979"
"2019-06-23","63","5","5700","673","380","450","885"
"2019-06-24","97","9","2500","511","300","700","533"
"2019-06-25","319","1","7700","836","330","250","1325"
"2019-06-26","261","3","10000","626","290","250","1077"
"2019-06-27","255","10","7100","672","350","200","1010"
"2019-06-28","253","5","230000","1486","320","200","14415"
"2019-06-29","166","1","10000","721","280","200","1310"
"2019-06-30","156","8","19500","821","250","200","1994"
"2019-07-01","425","2","17694","1038","330","200","2285"
"2019-07-02","332","7","25000","813","300","250","1869"
"2019-07-03","346","1","16000","768","320","200","1355"
"2019-07-04","286","3","17794","723","370","450","1458"
"2019-07-05","224","15","33000","1241","320","200","3864"
"2019-07-06","116","5","5500","632","240","40","942"
"2019-07-07","444","10","19173","996","400","300","2256"
"2019-07-08","536","7","25200","979","428","450","2164"
"2019-07-09","520","1","42000","1239","469","400","3308"
"2019-07-10","464","2","162000","1805","445","200","10738"
"2019-07-11","332","2","47197","1332","435","250","4106"
"2019-07-12","185","10","18133","738","250","200","2328"
"2019-07-13","109","10","45000","909","300","250","4294"
"2019-07-14","104","12","7000","503","270","300","888"
"2019-07-15","323","1","41040","893","350","250","2658"
"2019-07-16","315","6","8800","593","300","300","978"
"2019-07-17","268","6","7848","541","270","200","796"
"2019-07-18","211","5","16958","738","335","350","1466"
"2019-07-19","181","10","36080","1371","400","250","4300"
"2019-07-20","114","6","4977","373","240","200","566"
"2019-07-21","344","30","29580","994","450","500","2381"
"2019-07-22","461","1","24000","867","400","250","2026"
"2019-07-23","379","10","17100","932","400","300","1705"
"2019-07-24","256","5","9000","694","345","200","1057"
"2019-07-25","263","4","5100","566","320","200","806"
"2019-07-26","176","16","18200","1169","380","300","2540"
"2019-07-27","86","15","2200","412","260","250","388"
"2019-07-28","108","10","1200","269","250","250","217"
"2019-07-29","282","3","20140","671","295","450","1841"
"2019-07-30","302","5","20140","630","315","300","1399"
"2019-07-31","256","3","10000","559","300","250","892"
"2019-08-01","240","4","16000","699","300","250","1701"
"2019-08-02","232","3","4590","737","388","270","893"
"2019-08-03","94","7","3000","396","250","200","455"
"2019-08-04","373","10","25200","1090","430","300","2515"
"2019-08-05","534","2","20262","911","450","300","1593"
"2019-08-06","421","3","16950","847","390","300","1675"
"2019-08-07","287","3","9000","740","357","200","1142"
"2019-08-08","238","7","87000","911","322","250","5635"
"2019-08-09","218","8","12487","612","337","300","1098"
"2019-08-10","132","1","5500","462","276","250","731"
"2019-08-11","105","15","4524","462","270","300","711"
"2019-08-12","259","2","7440","687","340","250","960"
"2019-08-13","294","8","11340","745","380","250","1161"
"2019-08-14","307","5","41040","1184","415","250","3101"
"2019-08-15","293","13","18800","987","340","300","2098"
"2019-08-16","216","10","18133","686","300","300","1440"
"2019-08-17","111","15","4000","472","280","200","660"
"2019-08-18","470","10","32176","1041","400","400","3017"
"2019-08-19","563","9","41524","1073","425","300","2818"
"2019-08-20","537","2","377580","1581","400","450","16320"
"2019-08-21","334","2","32415","814","350","250","1994"
"2019-08-22","275","1","35000","747","300","300","2213"
"2019-08-23","241","8","9180","677","300","250","1151"
"2019-08-24","108","10","4200","464","275","200","534"
"2019-08-25","140","5","4200","509","330","350","693"
"2019-08-26","314","10","4972","424","270","200","555"
"2019-08-27","303","5","9000","630","310","250","977"
"2019-08-28","320","1","28000","674","265","250","1889"
"2019-08-29","329","10","10887","707","300","250","1069"
"2019-08-30","247","3","5418","492","300","200","672"
"2019-08-31","166","20","4350","429","250","250","660"
"2019-09-01","185","6","4000","464","250","200","662"
"2019-09-02","311","1","72362","921","280","250","4353"
"2019-09-03","311","9","74079","884","320","300","4291"
"2019-09-04","305","10","25000","749","300","250","2097"
"2019-09-05","308","1","15000","717","320","300","1520"
"2019-09-06","347","1","115200","1590","459","270","7040"
"2019-09-07","142","10","5500","734","355","200","1041"
"2019-09-08","1003","15","42500","1145","650","600","1913"
"2019-09-09","436","7","33000","1138","450","300","2620"
"2019-09-10","408","10","13213","827","450","250","1166"
"2019-09-11","355","5","5500","707","400","500","916"
"2019-09-12","340","2","12000","1100","500","300","1667"
"2019-09-13","459","2","70000","1124","500","300","3645"
"2019-09-14","242","1","113865","1577","350","200","8730"
"2019-09-15","190","1","16899","570","300","220","1361"
"2019-09-16","641","2","41040","976","450","250","2954"
"2019-09-17","479","3","16000","884","390","250","1662"
"2019-09-18","415","4","480000","1741","360","250","23515"
"2019-09-19","421","1","11071","813","424","500","1374"
"2019-09-20","500","1","5562","774","455","300","907"
"2019-09-21","289","1","123456","910","350","650","7251"
"2019-09-22","205","5","4200","623","380","350","677"
"2019-09-23","597","8","27600","1315","500","1100","2740"
"2019-09-24","483","6","70000","971","450","300","3334"
"2019-09-25","464","1","45000","1249","450","250","3434"
"2019-09-26","440","2","22500","1161","435","300","2421"
"2019-09-27","780","1","265000","2913","869","300","10802"
"2019-09-28","210","10","35292","740","350","300","2572"
"2019-09-29","235","10","3000","484","290","250","535"
"2019-09-30","951","10","74079","2437","700","250","5508"
"2019-10-01","1344","3","677800","1582","550","550","18588"
"2019-10-02","511","2","61000","1045","450","300","3195"
"2019-10-03","528","2","45778","1006","390","300","3097"
"2019-10-04","514","10","45000","1197","500","450","3323"
"2019-10-05","234","11","5290","768","390","650","1036"
"2019-10-06","216","10","9444","489","325","200","767"
"2019-10-07","539","1","17600","955","450","450","1682"
"2019-10-08","394","6","19170","852","365","300","1781"
"2019-10-09","345","4","36080","1157","550","250","2501"
"2019-10-10","319","2","25000","936","390","350","2344"
"2019-10-11","322","2","16500","864","400","350","1606"
"2019-10-12","212","7","34500","786","320","600","2501"
"2019-10-13","153","1","12345","488","265","350","1072"
"2019-10-14","378","1","34500","843","450","250","2006"
"2019-10-15","352","7","15840","699","400","750","1222"
"2019-10-16","471","9","16899","767","380","350","1322"
"2019-10-17","333","7","19350","799","400","550","1455"
"2019-10-18","283","1","41850","1086","400","300","3309"
"2019-10-19","127","15","2500","419","330","250","356"
"2019-10-20","174","10","20790","931","350","250","1865"
"2019-10-21","335","5","9800","746","350","250","1013"
"2019-10-22","340","7","18000","719","374","300","1482"
"2019-10-23","310","2","9660","827","450","1100","1272"
"2019-10-24","304","1","28490","934","385","500","2297"
"2019-10-25","264","10","26000","789","330","250","1835"
"2019-10-26","149","8","4000","700","330","250","832"
"2019-10-27","152","19","3500","444","277","350","562"
"2019-10-28","353","1","15600","1184","400","250","2104"
"2019-10-29","376","1","19200","661","350","350","1370"
"2019-10-30","418","5","44000","1148","450","250","2856"
"2019-10-31","357","1","85000","1106","440","300","4661"
"2019-11-01","342","8","26000","917","393","200","1816"
"2019-11-02","285","1","10000","803","350","200","1488"
"2019-11-03","244","2","17190","785","320","250","1820"
"2019-11-04","406","1","37895","1422","350","200","3780"
"2019-11-05","417","10","55000","1481","410","250","4259"
"2019-11-06","433","1","190000","1676","480","350","9377"
"2019-11-07","369","4","18000","981","500","350","1551"
"2019-11-08","320","7","5500","708","365","200","923"
"2019-11-09","183","20","37500","1024","350","250","2892"
"2019-11-10","185","20","90000","1597","360","250","6764"
"2019-11-11","384","4","41040","1389","450","300","3296"
"2019-11-12","413","1","32200","1190","440","600","3021"
"2019-11-13","392","1","75000","1612","450","250","5278"
"2019-11-14","360","4","30000","1003","430","350","2606"
"2019-11-15","320","8","21400","1230","401","200","2651"
"2019-11-16","186","15","41040","2019","497","230","5407"
"2019-11-17","169","15","670000","5044","425","250","51329"
"2019-11-18","195","10","180000","2246","670","650","12927"
"2019-11-19","439","15","25000","1109","500","200","2066"
"2019-11-20","403","1","37895","1284","408","650","3354"
"2019-11-21","326","1","63000","1207","450","650","4395"
"2019-11-22","392","8","31200","927","403","200","1994"
"2019-11-23","205","15","16000","1228","500","280","2440"
"2019-11-24","249","1","23000","1132","508","450","1944"
"2019-11-25","413","4","25550","1294","450","450","2965"
"2019-11-26","441","2","75000","1337","400","200","4685"
"2019-11-27","367","9","10000","878","380","300","1597"
"2019-11-28","321","5","6530","616","370","200","932"
"2019-11-29","368","5","22750","719","300","600","1880"
"2019-11-30","158","8","7000","547","300","250","777"
"2019-12-01","139","1","3337","363","260","200","513"
"2019-12-02","349","3","17600","850","390","250","1486"
"2019-12-03","403","15","175000","1195","350","250","8859"
"2019-12-04","345","6","23500","1221","400","250","3101"
"2019-12-05","359","5","500000","2137","398","395","26328"
"2019-12-06","298","3","500000","2399","380","300","28902"
"2019-12-07","137","19","11392","725","310","750","1182"
"2019-12-08","148","1","3000","442","260","250","544"
"2019-12-09","383","3","17795","924","375","200","1842"
"2019-12-10","322","2","18000","902","405","300","1857"
"2019-12-11","356","1","500000","2053","366","250","26442"
"2019-12-12","286","2","7184","605","355","250","792"
"2019-12-13","235","6","500000","3041","410","200","32559"
"2019-12-14","150","5","200000","1977","307","250","16405"
"2019-12-15","128","10","3264","449","260","250","551"
"2019-12-16","310","3","9730","618","365","350","847"
"2019-12-17","246","5","19720","810","420","250","1496"
"2019-12-18","229","15","12345","560","380","500","981"
"2019-12-19","227","5","4972","679","380","1200","791"
"2019-12-20","217","1","9020","810","361","300","1341"
"2019-12-21","122","10","44000","713","265","300","3950"
"2019-12-22","97","1","33335","681","270","300","3352"
"2019-12-23","201","10","13980","1077","500","200","1778"
"2019-12-24","103","10","6600","692","390","250","929"
"2019-12-25","68","25","660","283","255","200","160"
"2019-12-26","90","1","3872","454","250","250","588"
"2019-12-27","270","8","4000","585","380","250","662"
"2019-12-28","138","13","9622","705","350","270","1155"
"2019-12-29","112","19","3300","432","240","230","523"
"2019-12-30","198","18","7200","696","335","200","1033"
"2019-12-31","99","30","16950","1098","435","320","2061"
"2020-01-01","106","15","1500","332","255","200","283"
"2020-01-02","368","5","19900","785","365","150","1660"
"2020-01-03","290","4","10000","581","350","300","884"
"2020-01-04","176","20","25000","724","280","250","2349"
"2020-01-05","188","8","7000","497","280","230","787"
"2020-01-06","474","1","23940","859","390","300","1916"
"2020-01-07","463","1","112000","1045","425","300","5401"
"2020-01-08","423","2","148590","1254","460","300","7307"
"2020-01-09","359","7","8316","810","400","200","1113"
"2020-01-10","322","5","19500","956","400","250","1808"
"2020-01-11","138","15","123765","1486","320","200","10474"
"2020-01-12","190","10","15600","841","283","230","2120"
"2020-01-13","390","9","16800","718","392","250","1184"
"2020-01-14","390","7","11200","781","400","150","1167"
"2020-01-15","428","5","25700","1007","370","350","2198"
"2020-01-16","295","2","25350","907","410","600","1916"
"2020-01-17","342","4","15480","838","387","300","1433"
"2020-01-18","127","17","2755","368","250","220","412"
"2020-01-19","141","10","3500","347","250","250","471"
"2020-01-20","324","3","14400","740","355","300","1236"
"2020-01-21","370","2","33600","1113","380","250","2894"
"2020-01-22","338","3","165000","1693","450","200","9602"
"2020-01-23","369","1","22750","677","300","75","1746"
"2020-01-24","276","5","9000","652","350","220","863"
"2020-01-25","137","15","3900","525","300","400","554"
"2020-01-26","162","17","15600","806","275","250","1621"
"2020-01-27","337","2","18989","599","295","250","1318"
"2020-01-28","344","1","15600","763","402","300","1167"
"2020-01-29","258","2","33335","812","350","200","2405"
"2020-01-30","303","5","30000","796","340","250","2072"
"2020-01-31","236","2","46800","1243","350","300","3689"
"2020-02-01","150","5","3000","373","260","250","444"
"2020-02-02","144","8","1600","350","250","250","350"
"2020-02-03","384","5","40500","1252","400","250","3606"
"2020-02-04","389","3","45000","1250","395","200","3219"
"2020-02-05","335","10","8190","619","350","200","884"
"2020-02-06","291","8","123456","1260","450","200","7267"
"2020-02-07","263","16","260000","1880","450","200","16014"
"2020-02-08","177","10","98765","1813","350","200","8224"
"2020-02-09","145","25","5000","605","300","300","837"
"2020-02-10","382","3","25000","932","345","250","1900"
"2020-02-11","386","6","43900","1123","430","250","3055"
"2020-02-12","416","1","134000","1599","397","250","7433"
"2020-02-13","303","3","13200","798","390","450","1237"
"2020-02-14","282","1","88200","2005","545","1200","9251"
"2020-02-15","148","14","6003","633","362","200","836"
"2020-02-16","159","1","6000","586","300","290","834"
"2020-02-17","355","10","7780","634","350","500","925"
"2020-02-18","374","1","25000","904","400","450","1744"
"2020-02-19","341","5","50400","1221","370","200","4809"
"2020-02-20","273","1","85000","1313","450","250","5312"
"2020-02-21","289","3","35000","1034","370","250","2803"
"2020-02-22","192","1","5000","590","315","200","754"
"2020-02-23","143","1","4000","431","250","200","635"
"2020-02-24","299","1","26900","907","400","550","2402"
"2020-02-25","374","4","31500","935","450","250","2006"
"2020-02-26","353","1","15000","844","400","300","1535"
"2020-02-27","274","5","8000","637","306","250","982"
"2020-02-28","305","1","26400","1145","450","350","2739"
"2020-02-29","175","10","5658","495","290","250","624"
"2020-03-01","164","1","3000","374","272","300","464"
"2020-03-02","397","1","21000","957","300","300","2207"
"2020-03-03","392","7","20000","911","400","250","1780"
"2020-03-04","385","2","502400","5266","370","250","40688"
"2020-03-05","324","6","96890","1087","350","200","5486"
"2020-03-06","280","10","16000","1223","420","200","2106"
"2020-03-07","180","8","3576","501","297","450","620"
"2020-03-08","102","1","5000","388","265","220","580"
"2020-03-09","431","2","7937","764","390","200","1113"
"2020-03-10","398","7","19125","1012","400","350","2000"
"2020-03-11","336","15","123456","1592","397","250","9548"
"2020-03-12","347","5","10700","954","500","300","1235"
"2020-03-13","280","15","10700","767","350","250","1327"
"2020-03-14","146","8","5000","604","320","250","800"
"2020-03-15","137","3","4200","463","280","350","669"
"2020-03-16","326","15","172500","2073","400","650","14155"
"2020-03-17","282","9","8190","672","325","350","1012"
"2020-03-18","337","5","11200","730","400","500","1162"
"2020-03-19","283","8","41040","1169","400","250","3509"
"2020-03-20","277","5","7420","653","350","300","942"
"2020-03-21","178","16","4000","412","265","250","552"
"2020-03-22","164","8","4060","469","290","350","566"
"2020-03-23","319","10","20140","612","310","200","1425"
"2020-03-24","353","2","17940","879","370","500","1854"
"2020-03-25","338","15","36099","839","350","350","2320"
"2020-03-26","355","1","6700","623","350","400","804"
"2020-03-27","285","15","28000","656","350","500","1778"
"2020-03-28","1798","20","96000","1989","750","500","4390"
"2020-03-29","1491","1","135000","1933","700","300","5435"
"2020-03-30","465","8","16470","748","350","300","1315"
"2020-04-01","429","2","34380","994","400","300","2334"
"2020-04-02","432","5","41850","1156","350","300","3509"
"2020-04-03","392","2","17795","741","330","200","1536"
"2020-04-04","301","2","36099","944","325","300","2826"
"2020-04-05","236","10","63000","840","317","250","4115"
"2020-04-06","484","6","15507","840","351","250","1519"
"2020-04-07","448","4","25740","1008","400","350","2231"
"2020-04-08","423","4","15840","822","379","350","1368"
"2020-04-09","353","10","650000","4718","380","350","48806"
"2020-04-10","276","19","42500","941","370","250","2906"
"2020-04-11","185","5","650000","4227","280","250","47670"
"2020-04-12","151","5","16500","742","287","200","1972"
"2020-04-13","273","3","4350","500","300","300","634"
"2020-04-14","494","10","12000","657","320","350","1250"
"2020-04-15","395","8","12000","801","350","250","1493"
"2020-04-16","396","5","15000","677","350","200","1453"
"2020-04-17","390","1","5280","636","370","250","783"
"2020-04-18","185","25","15840","599","310","200","1324"
"2020-04-19","149","8","7500","478","250","250","836"
"2020-04-20","508","1","22500","1182","375","250","2419"
"2020-04-21","453","15","130000","1331","369","350","6452"
"2020-04-22","460","1","23436","881","400","200","1908"
"2020-04-23","486","2","16000","888","350","200","1703"
"2020-04-24","308","10","20000","817","350","250","1734"
"2020-04-25","184","4","13000","546","290","200","1078"
"2020-04-26","488","3","41040","1771","700","500","3689"
"2020-04-27","586","10","8321","833","400","450","1289"
"2020-04-28","482","1","18383","1005","350","200","2171"
"2020-04-29","492","3","39800","1030","370","200","2336"
"2020-05-01","194","15","15840","537","300","350","1242"
"2020-05-02","178","15","13221","688","300","300","1305"
"2020-05-03","180","8","5000","643","350","200","800"
"2020-05-04","318","12","37895","1665","400","250","3869"
"2020-05-05","556","10","27000","908","340","250","2192"
"2020-05-06","473","2","24000","843","370","250","2364"
"2020-05-07","432","1","24000","939","350","200","2399"
"2020-05-08","576","6","26685","947","350","250","2282"
"2020-05-09","252","1","26685","1246","500","500","2594"
"2020-05-10","193","10","12504","1020","400","250","1830"
"2020-05-11","641","1","75000","1361","490","250","3893"
"2020-05-12","533","1","13923","1044","390","300","1774"
"2020-05-13","557","5","12504","1016","500","786","1372"
"2020-05-14","542","1","35820","1111","410","250","2571"
"2020-05-15","447","2","12807","1258","480","500","2112"
"2020-05-16","509","12","20400","991","384","250","2080"
"2020-05-17","264","1","12807","1063","400","350","1936"
"2020-05-18","602","8","25740","1387","500","250","2923"
"2020-05-19","599","6","88200","1392","450","200","5298"
"2020-05-20","547","1","105000","1116","405","250","4821"
"2020-05-21","531","10","33500","1208","450","200","2722"
"2020-05-22","458","10","50400","1220","450","250","2996"
"2020-05-23","217","8","20000","898","300","300","1905"
"2020-05-24","252","7","27090","1135","300","200","3322"
"2020-05-25","541","4","27090","872","400","200","1893"
"2020-05-26","540","1","42624","1331","448","300","3682"
"2020-05-27","463","3","42624","1286","440","300","3297"
"2020-05-28","451","1","42624","947","360","250","2868"
"2020-05-29","410","2","42624","1029","390","300","2795"
"2020-05-30","222","5","42624","1041","350","250","3269"
"2020-05-31","176","1","42624","885","252","250","3597"
"2020-06-01","563","5","42624","1270","350","300","3602"
"2020-06-02","570","1","42624","1467","500","300","3385"
"2020-06-03","610","6","30000","1297","450","300","2728"
"2020-06-04","553","2","69900","1788","500","200","4760"
"2020-06-05","417","7","34380","1419","440","250","3395"
"2020-06-06","226","1","10300","821","350","250","1259"
"2020-06-07","198","20","10300","797","300","250","1281"
"2020-06-08","782","12","70000","984","360","430","4432"
"2020-06-09","2891","5","42624","806","360","350","1926"
"2020-06-10","508","10","28350","982","338","300","2562"
"2020-06-11","416","3","16000","854","330","250","1675"
"2020-06-12","319","10","34380","1348","430","200","3072"
"2020-06-13","255","7","16000","862","300","300","1821"
"2020-06-14","208","10","15000","748","320","200","1439"
"2020-06-15","565","5","10300","687","330","250","1180"
"2020-06-16","563","20","38620","952","350","200","2492"
"2020-06-17","437","10","112000","1225","400","250","5631"
"2020-06-18","298","3","19500","972","400","200","1920"
"2020-06-19","361","15","112000","1270","400","250","6110"
"2020-06-20","187","10","19500","1019","330","250","2245"
"2020-06-21","180","15","220000","2373","350","250","16443"
"2020-06-22","189","20","19500","944","310","300","2132"
"2020-06-23","120","20","19500","1406","550","250","2586"
"2020-06-24","147","5","19500","1114","350","350","2434"
"2020-06-25","486","10","39000","616","300","250","1989"
"2020-06-26","387","2","28309","787","375","450","1850"
"2020-06-27","235","10","8242","538","290","200","932"
"2020-06-28","243","10","8242","473","260","300","901"
"2020-06-29","676","4","46924","690","309","250","2084"
"2020-06-30","912","15","85000","1048","395","220","3517"
"2020-07-01","672","2","20000","740","320","250","1474"
"2020-07-02","619","9","40000","744","308","300","2087"
"2020-07-03","527","10","15600","795","350","300","1274"
"2020-07-04","336","5","7430","689","370","250","870"
"2020-07-05","278","15","16470","705","350","300","1334"
"2020-07-06","631","5","34000","805","350","300","1820"
"2020-07-07","628","6","13923","755","357","250","1302"
"2020-07-08","551","3","170000","1432","352","350","10294"
"2020-07-09","513","6","17182","980","350","250","1930"
"2020-07-10","416","3","34380","892","340","300","2520"
"2020-07-11","263","7","10800","881","360","280","1565"
"2020-07-12","211","6","16296","1073","300","250","2179"
"2020-07-13","575","10","16000","785","300","300","1730"
"2020-07-14","475","1","21408","1004","380","250","2536"
"2020-07-15","426","1","20280","904","372","250","1833"
"2020-07-16","471","1","34380","1430","450","450","3578"
"2020-07-17","412","8","82000","1172","380","300","4832"
"2020-07-18","201","11","20280","1019","400","500","2258"
"2020-07-19","218","19","19125","782","350","250","1628"
"2020-07-20","582","2","36000","919","390","250","2394"
"2020-07-21","527","1","20000","799","380","200","1568"
"2020-07-22","463","1","7640","563","350","350","703"
"2020-07-23","470","1","15480","751","360","250","1320"
"2020-07-24","365","10","15480","772","390","300","1476"
"2020-07-25","283","10","15480","785","350","550","1662"
"2020-08-01","277","5","15480","772","328","250","1439"
"2020-08-02","289","7","4680","579","330","250","663"
"2020-08-03","551","5","20000","785","350","250","1719"
"2020-08-04","570","10","21409","731","350","350","1925"
"2020-08-05","501","4","20250","803","380","250","1710"
"2020-08-06","443","15","20000","789","350","200","1635"
"2020-08-07","406","6","34380","990","400","350","2565"
"2020-08-08","263","10","20000","840","340","250","1843"
"2020-08-09","195","19","7938","703","300","300","1076"
"2020-08-10","610","1","16470","785","355","200","1486"
"2020-08-11","560","10","13923","877","350","200","1524"
"2020-08-12","568","10","16470","1103","400","200","2146"
"2020-08-13","536","3","16295","849","390","450","1709"
"2020-08-14","590","10","16295","702","400","250","1228"
"2020-08-15","305","15","41040","1619","470","500","4473"
"2020-08-16","265","2","16295","672","420","450","1164"
"2020-08-17","596","3","16295","649","350","200","1065"
"2020-08-18","562","15","30000","857","384","350","2045"
"2020-08-19","657","10","85000","1498","400","450","5424"
"2020-08-20","508","10","17940","730","380","250","1325"
"2020-08-21","582","2","175000","1965","430","200","10289"
"2020-08-22","286","30","17940","768","300","250","1564"
"2020-08-23","442","21","502400","5161","400","250","33810"
"2020-08-24","773","5","17940","871","352","250","1537"
"2020-08-25","619","8","17940","764","350","250","1431"
"2020-09-01","747","3","9500","671","370","300","918"
"2020-09-02","557","2","17940","609","330","350","1251"
"2020-09-03","525","6","9044","669","375","400","993"
"2020-09-04","444","10","148720","867","320","300","7056"
"2020-09-05","258","5","20000","598","300","200","1515"
"2020-09-06","251","5","5000","480","299","350","596"
"2020-09-07","643","10","16000","723","350","350","1225"
"2020-09-08","540","6","28350","684","350","250","1517"
"2020-09-09","472","10","155000","1086","445","250","7177"
"2020-09-10","464","4","34380","951","390","250","2388"
"2020-09-11","448","2","22500","1045","367","200","2757"
"2020-09-12","230","19","8150","627","350","300","791"
"2020-09-13","214","1","7000","522","280","250","764"
"2020-09-14","599","5","36000","767","306","200","2089"
"2020-09-15","502","10","16344","772","350","350","1521"
"2020-09-16","421","3","20000","782","390","450","1506"
"2020-09-17","589","15","40500","1580","424","250","3964"
"2020-09-18","485","5","650000","2682","400","250","29916"
"2020-09-19","310","20","10000","718","390","300","1019"
"2020-09-20","353","1","24948","1124","340","250","2475"
"2020-09-21","506","5","16000","703","340","220","1353"
"2020-09-22","460","2","11000","651","350","250","1001"
"2020-09-23","500","20","16470","708","350","350","1433"
"2020-09-24","415","19","135000","1687","390","200","9039"
"2020-09-25","416","9","135000","2008","450","200","9154"
"2020-10-01","535","10","9230","763","400","250","1166"
"2020-10-02","499","15","20412","946","396","250","1809"
"2020-10-03","268","10","9100","794","360","250","1287"
"2020-10-04","272","1","8460","587","300","300","953"
"2020-10-05","557","10","36000","1129","350","230","3264"
"2020-10-06","584","10","25000","839","375","250","1770"
"2020-10-07","527","2","21852","789","350","250","1553"
"2020-10-08","443","1","11200","753","365","200","1247"
"2020-10-09","433","2","38500","1170","400","250","2999"
"2020-10-10","259","5","16000","944","380","250","2009"
"2020-10-11","229","10","16000","739","288","250","1691"
"2020-10-12","530","8","34380","808","350","250","2175"
"2020-10-13","483","6","26600","833","350","650","1886"
"2020-10-14","468","1","20995","916","380","300","2111"
"2020-10-15","468","4","20000","875","378","250","1684"
"2020-10-16","455","9","29250","985","370","350","2079"
"2020-10-17","247","8","29250","954","320","300","2805"
"2020-10-18","237","4","29250","509","269","250","1928"
"2020-10-19","478","6","29250","566","330","250","1437"
"2020-10-20","418","7","14508","645","350","350","1161"
"2020-10-21","446","5","95000","1168","400","400","6452"
"2020-10-22","424","2","10300","709","370","450","1115"
"2020-10-23","399","5","145000","1129","350","250","7330"
"2020-10-24","232","25","8217","631","300","300","973"
"2020-10-25","231","10","5490","453","280","300","612"
"2020-11-01","313","8","36000","961","300","300","2800"
"2020-11-02","558","7","20280","625","330","350","1387"
"2020-11-03","562","8","6600","670","350","200","897"
"2020-11-04","506","3","34380","923","300","200","2544"
"2020-11-05","497","5","20280","783","380","200","1683"
"2020-11-06","434","5","42624","1302","400","350","3973"
"2020-11-07","306","18","42624","1615","400","350","4393"
"2020-11-08","238","5","42624","1295","300","300","4012"
"2020-11-09","526","5","42624","1092","380","300","3048"
"2020-11-10","532","8","700000","2192","330","200","30349"
"2020-11-11","460","4","22500","586","325","250","1308"
"2020-11-12","498","20","22500","1010","430","400","2096"
"2020-11-13","396","2","22500","808","370","200","1618"
"2020-11-14","245","20","7000","524","300","200","756"
"2020-11-15","259","4","9500","527","280","250","883"
"2020-11-16","507","2","30000","801","330","350","2170"
"2020-11-17","574","9","14601","794","380","250","1344"
"2020-11-18","336","7","17200","980","350","6500","1902"
"2020-11-19","439","2","16470","644","350","350","1205"
"2020-11-20","399","13","16000","736","370","400","1366"
"2020-11-21","263","9","10000","558","350","300","1018"
"2020-11-22","215","6","17388","775","300","200","1966"
"2020-11-23","414","10","140000","1434","340","250","9771"
"2020-11-24","468","10","20020","853","350","200","1771"
"2020-11-25","399","1","14400","689","355","300","1187"
"2020-12-01","549","6","151200","1082","350","300","6616"
"2020-12-02","629","3","47000","1128","350","300","3405"
"2020-12-03","530","1","16344","702","330","350","1556"
"2020-12-04","422","2","19500","849","350","350","2060"
"2020-12-05","296","8","36000","1236","340","350","3604"
"2020-12-06","240","5","19500","781","300","250","2227"
"2020-12-07","488","8","15000","740","350","250","1309"
"2020-12-08","479","3","15000","771","370","220","1367"
"2020-12-09","427","10","13253","843","350","450","1601"
"2020-12-10","328","10","13674","689","330","300","1362"
"2020-12-11","376","20","45000","1116","350","500","3881"
"2020-12-12","240","8","16295","824","325","220","1740"
"2020-12-13","197","10","7938","503","290","250","844"
"2020-12-13","197","10","7938","503","290","250","844"
"2020-12-14","509","1","43000","728","350","250","2091"
"2020-12-15","455","19","16295","675","350","350","1241"
"2020-12-16","362","7","19000","678","374","200","1327"
"2020-12-17","356","19","19000","959","350","200","2086"
"2020-12-18","292","9","13065","674","332","250","1214"
"2020-12-19","185","20","14640","737","350","300","1722"
"2020-12-20","182","2","14640","607","280","400","1697"
"2020-12-21","382","20","14508","574","300","300","1148"
"2020-12-22","394","5","7770","671","360","350","1004"
"2020-12-23","392","10","34924","944","400","300","2401"
"2020-12-24","146","15","4689","614","350","250","760"
"2020-12-25","136","20","4689","513","300","200","682"
"2020-12-26","220","18","4689","528","345","250","584"
"2020-12-27","198","10","10000","618","300","250","1085"
"2020-12-28","386","1","5300","469","300","250","601"
"2020-12-29","322","20","9008","593","330","270","872"
"2020-12-30","233","12","7056","673","330","350","1059"
"2020-12-31","89","20","15000","1157","599","1350","2295"
"2021-01-01","94","10","7000","536","250","180","999"
"2021-01-02","186","20","4689","380","275","300","459"
"2021-01-03","316","25","6631","500","320","200","671"
"2021-01-04","706","2","34380","832","350","300","2157"
"2021-01-05","695","1","26790","723","350","300","1605"
"2021-01-06","499","3","20280","739","320","250","1565"
"2021-01-07","445","10","10152","603","320","250","1004"
"2021-01-08","478","7","14601","796","327","300","1712"
"2021-01-09","295","19","13253","690","300","200","1383"
"2021-01-10","1350","1","50000000","37689","250","250","1360306"
"2021-01-11","866","1","58800","842","335","300","2506"
"2021-01-12","840","4","35000","959","410","250","2336"
"2021-01-13","793","3","43200","1085","360","250","2886"
"2021-01-14","636","20","159000","1439","399","200","8760"
"2021-01-15","619","15","20412","974","350","250","1900"
"2021-01-16","338","9","28736","767","335","200","2052"
"2021-01-17","291","10","39000","734","330","250","2551"
"2021-01-18","625","1","16636","789","350","350","1457"
"2021-01-19","665","1","16516","861","350","300","1788"
"2021-01-20","581","10","205000","1383","350","250","9019"
"2021-01-21","391","5","14940","654","340","280","1221"
"2021-01-22","406","6","20000","780","350","250","1822"
"2021-01-23","198","6","14940","608","300","200","1268"
"2021-01-24","219","10","14940","598","280","350","1379"
"2021-01-25","328","5","34924","980","300","200","3601"
"2021-01-30","174","20","4095","525","307","200","624"
"2021-01-31","202","2","4150","462","300","300","677"
"2021-02-01","325","6","31900","912","300","200","2475"
"2021-02-02","328","5","9660","709","330","200","1103"
"2021-02-03","329","25","16000","839","350","250","1638"
"2021-02-04","318","16","14940","754","350","200","1495"
"2021-02-05","272","10","16000","838","380","400","1764"
"2021-02-06","249","20","14940","893","399","200","1545"
"2021-02-07","124","20","14940","620","320","250","1498"
"2021-02-08","356","15","8640","875","350","350","1397"
"2021-02-09","280","3","40000","1068","395","300","3299"
"2021-02-10","272","4","370000","3615","399","600","31571"
"2021-02-11","263","5","12150","607","320","250","1056"
"2021-02-12","280","25","15600","798","350","200","1590"
"2021-02-13","198","13","15000","886","330","250","1729"
"2021-02-14","153","18","8106","798","313","250","1301"
"2021-02-15","376","18","16000","802","350","250","1366"
"2021-02-16","349","4","20140","1032","380","250","1996"
"2021-02-17","381","5","22500","971","400","500","2006"
"2021-02-18","370","10","16470","811","400","300","1486"
"2021-02-19","270","10","11000","695","400","200","1055"
"2021-02-20","167","24","92000","1146","350","200","7082"
"2021-02-21","200","10","3661","450","282","300","549"
"2021-02-22","353","10","17200","864","350","350","1953"
"2021-02-23","7645","1","585000","1972","675","500","10255"
"2021-02-24","417","8","21150","741","350","200","1535"
"2021-02-25","374","6","35000","814","390","250","2048"
"2021-02-26","408","10","35000","776","390","300","1920"
"2021-02-27","283","2","370000","3468","350","300","30961"
"2021-02-28","237","20","7500","572","300","200","845"
"2021-03-01","635","10","21093","1008","400","400","1934"
"2021-03-02","578","5","36000","958","370","250","2709"
"2021-03-03","518","20","49700","867","365","280","2505"
"2021-03-04","603","4","49700","1116","433","300","2824"
"2021-03-05","498","15","34380","1193","390","300","2859"
"2021-03-06","459","1","19440","1126","490","250","1772"
"2021-03-07","241","7","26400","989","390","300","2217"
"2021-03-08","432","4","18000","744","350","400","1571"
"2021-03-09","556","7","18000","1014","399","250","1791"
"2021-03-10","619","2","34380","849","370","300","2174"
"2021-03-11","501","11","68000","977","380","270","3641"
"2021-03-12","441","7","68000","1244","390","200","3990"
"2021-03-13","221","24","10955","664","329","300","1319"
"2021-03-14","233","19","10955","664","329","250","1331"
"2021-03-15","575","1","63000","1161","400","300","3539"
"2021-03-16","511","20","43200","953","400","350","2950"
"2021-03-17","511","1","118000","1335","420","200","6248"
"2021-03-18","480","1","16636","886","420","500","1587"
"2021-03-19","425","1","40500","1044","448","400","2457"
"2021-03-20","242","10","40500","1083","400","300","3143"
"2021-03-21","226","5","13760","886","350","250","1879"
"2021-03-22","517","5","34924","958","350","350","2387"
"2021-03-23","453","1","35511","956","380","450","2711"
"2021-03-24","481","1","14760","781","350","300","1464"
"2021-03-25","429","25","23399","829","400","500","1875"
"2021-03-26","422","20","27855","1648","439","250","4257"
"2021-03-27","216","16","23399","913","420","300","2230"
"2021-03-28","236","20","18989","750","350","250","1731"
"2021-03-29","505","1","20000","707","390","250","1301"
"2021-03-30","499","1","34380","976","450","200","2281"
"2021-03-31","563","1","38187","1295","410","250","3847"
"2021-04-01","420","1","52500","1335","445","250","3590"
"2021-04-02","268","15","20640","974","360","350","2290"
"2021-04-03","172","10","6888","683","350","500","1008"
"2021-04-04","193","6","350000","2914","300","200","25494"
"2021-04-05","364","15","14084","941","350","250","1958"
"2021-04-06","476","7","20000","880","380","400","1661"
"2021-04-07","484","2","15804","807","400","300","1353"
"2021-04-08","450","7","9550","873","400","300","1375"
"2021-04-09","443","4","11180","796","430","300","1110"
"2021-04-10","215","7","8280","744","380","300","1142"
"2021-04-11","211","1","5000","604","320","300","745"
"2021-04-12","489","3","38640","1036","390","250","2913"
"2021-04-13","455","5","12000","743","395","250","1317"
"2021-04-14","471","5","42000","1075","390","350","2721"
"2021-04-15","433","1","180000","1617","400","300","9368"
"2021-04-16","450","8","5000000","12020","400","350","235401"
"2021-04-17","171","20","42500","932","390","330","3326"
"2021-04-18","185","4","12000","706","320","250","1351"
"2021-04-19","453","4","21000","952","385","500","2057"
"2021-04-20","471","3","42000","1127","370","500","3454"
"2021-04-21","373","1","59880","1154","395","300","4255"
"2021-04-22","501","7","20640","973","400","350","2111"
"2021-04-23","524","1","13000","659","300","250","1152"
"2021-04-24","240","9","132230","1180","350","200","8525"
"2021-04-25","185","5","4200","477","320","300","521"
"2021-04-26","423","9","23400","928","355","250","2136"
"2021-04-27","513","5","21000","992","400","250","2168"
"2021-04-28","462","1","55000","1112","372","200","3310"
"2021-04-29","418","15","207500","1407","390","350","10277"
"2021-04-30","354","5","215000","1551","387","350","11637"
"2021-05-01","305","10","12658","813","350","350","1469"
"2021-05-02","188","18","5558","665","400","400","835"
"2021-05-03","288","7","12600","674","375","350","1096"
"2021-05-04","312","1","20140","822","380","250","1651"
"2021-05-05","496","7","56415","1350","412","250","3755"
"2021-05-06","551","2","69888","1349","360","300","4453"
"2021-05-07","436","10","19000","953","427","450","1700"
"2021-05-08","259","15","34400","846","418","300","2291"
"2021-05-09","173","1","7000","581","300","250","772"
"2021-05-10","446","2","11180","806","400","400","1259"
"2021-05-11","361","5","30000","1204","450","250","2756"
"2021-05-12","352","6","25000","1048","400","450","2402"
"2021-05-13","429","10","130000","1151","400","250","6429"
"2021-05-14","375","10","130000","1081","350","250","6922"
"2021-05-15","187","1","55000","1114","350","350","5348"
"2021-05-16","187","5","7200","495","310","250","816"
"2021-05-17","490","10","42000","1141","450","300","2545"
"2021-05-18","401","4","42000","1132","450","500","3051"
"2021-05-19","421","5","23100","1214","450","300","2563"
"2021-05-20","446","1","23399","1306","480","250","2569"
"2021-05-21","346","10","22500","1171","380","300","2697"
"2021-05-22","206","20","160000","1695","385","300","11165"
"2021-05-23","234","1","7676","657","350","250","996"
"2021-05-24","469","18","28000","921","420","500","2115"
"2021-05-25","474","5","20412","801","395","350","1603"
"2021-05-26","425","2","250000","1495","380","250","12190"
"2021-05-27","333","1","12800","910","380","300","1748"
"2021-05-28","325","3","16535","941","420","350","1615"
"2021-05-29","189","15","170000","1697","420","500","12421"
"2021-05-30","190","1","5000","486","300","200","632"
"2021-05-31","472","5","117873","1369","380","250","6351"
"2021-06-01","430","8","43200","989","370","150","3178"
"2021-06-02","446","7","52000","718","380","200","2625"
"2021-06-03","407","8","250000","1498","430","250","12435"
"2021-06-04","393","1","52000","992","382","200","3469"
"2021-06-05","156","15","4762","477","330","300","561"
"2021-06-06","141","1","5000","432","280","150","598"
"2021-06-07","431","5","16000","837","400","250","1491"
"2021-06-08","454","1","15000","741","365","300","1327"
"2021-06-09","372","1","20000","896","400","350","1585"
"2021-06-10","341","1","12000","925","450","450","1412"
"2021-06-11","275","1","16197","930","422","400","1907"
"2021-06-12","170","7","6800","706","440","600","918"
"2021-06-13","189","6","6000","466","300","500","655"
"2021-06-14","420","1","9000","738","355","350","1116"
"2021-06-15","455","1","55655","900","420","500","3010"
"2021-06-16","366","10","55655","1200","400","350","4366"
"2021-06-17","350","1","34400","727","350","250","2004"
"2021-06-18","276","12","7400","675","400","350","924"
"2021-06-19","157","5","23399","751","340","200","1951"
"2021-06-20","121","5","16000","672","280","400","1940"
"2021-06-21","324","15","9250","672","390","650","1042"
"2021-06-22","202","10","5000","610","372","300","754"
"2021-06-23","102","20","9000","870","440","600","1393"
"2021-06-24","111","1","8000","555","330","280","879"
"2021-06-25","197","5","6750","571","300","200","866"
"2021-06-26","141","12","2000","422","300","300","410"
"2021-06-27","192","7","5575","698","350","300","1041"
"2021-06-28","532","1","148590","1311","405","200","6911"
"2021-06-29","448","10","151500","1359","405","300","7374"
"2021-06-30","423","5","34380","972","351","250","2547"
"2021-07-01","433","5","95000","914","350","300","4657"
"2021-07-02","331","8","14580","714","400","250","1233"
"2021-07-03","214","7","13923","685","384","450","1182"
"2021-07-04","187","18","15714","602","320","200","1451"
"2021-07-05","451","4","28000","962","360","300","2058"
"2021-07-06","475","15","7700","687","380","450","1032"
"2021-07-07","357","5","15840","779","400","200","1356"
"2021-07-08","402","4","35000","786","420","250","1895"
"2021-07-09","334","19","9493","724","390","350","1023"
"2021-07-10","158","8","7904","894","395","1200","1517"
"2021-07-11","179","18","5748","480","290","300","641"
"2021-07-12","424","8","38640","782","360","250","2347"
"2021-07-13","390","7","83000","1131","385","350","5973"
"2021-07-14","419","5","18047","1122","400","250","2437"
"2021-07-15","415","1","23399","998","400","400","1927"
"2021-07-16","301","15","8640","822","440","450","1279"
"2021-07-17","151","10","3384","581","400","400","604"
"2021-07-18","144","10","4500","505","330","900","619"
"2021-07-19","441","10","43200","953","400","250","2943"
"2021-07-20","396","3","7500","682","420","250","873"
"2021-07-21","388","15","25000","885","420","450","1886"
"2021-07-22","320","15","22000","1065","422","500","2379"
"2021-07-23","252","2","215000","1439","330","300","13509"
"2021-07-24","127","19","8001","515","300","250","845"
"2021-07-25","124","10","5000","464","280","250","714"
"2021-07-26","439","6","13600","784","350","200","1549"
"2021-07-27","340","4","9200","679","360","250","1111"
"2021-07-28","356","7","23399","995","410","300","1992"
"2021-07-29","312","9","20986","1143","390","200","2628"
"2021-07-30","367","10","11900","831","385","350","1420"
"2021-07-31","201","12","8000","476","350","250","665"
"2021-08-01","173","3","5000","527","300","300","693"
"2021-08-02","486","2","16000","680","332","250","1362"
"2021-08-03","416","7","450000","2134","350","250","22186"
"2021-08-04","373","10","8242","653","380","300","923"
"2021-08-05","358","10","10220","711","372","250","1096"
"2021-08-06","284","6","8391","576","350","300","811"
"2021-08-07","209","35","130000","1235","360","200","8954"
"2021-08-08","195","20","5000","632","350","300","834"
"2021-08-09","493","10","40505","766","360","350","2145"
"2021-08-10","412","10","48648","832","400","500","2815"
"2021-08-11","453","1","28000","1015","419","450","2224"
"2021-08-12","396","8","13954","719","400","250","1154"
"2021-08-13","330","8","10688","767","400","350","1145"
"2021-08-14","232","7","7300","533","255","200","952"
"2021-08-15","205","10","5540","640","330","250","911"
"2021-08-16","500","2","20986","1028","376","250","2248"
"2021-08-17","444","4","29410","1205","450","300","2676"
"2021-08-18","479","3","27385","884","410","400","2382"
"2021-08-19","395","9","57750","1068","450","250","3453"
"2021-08-20","283","10","82500","1067","400","600","5119"
"2021-08-21","172","5","12000","814","382","250","1311"
"2021-08-22","162","10","7000","433","280","250","730"
"2021-08-23","447","3","7500","637","370","200","844"
"2021-08-24","437","8","43200","968","400","200","2964"
"2021-08-25","387","4","42000","878","351","250","2602"
"2021-08-26","422","1","125000","1275","373","200","7383"
"2021-08-27","342","18","75000","1289","476","500","4757"
"2021-08-28","214","1","7500","493","330","450","665"
"2021-08-29","215","1","6500","555","300","250","843"
"2021-08-30","467","1","8004","674","350","250","1006"
"2021-08-31","464","15","12451","788","360","350","1436"
"2021-09-01","598","3","80620","1640","450","300","4763"
"2021-09-02","444","12","220000","1345","423","500","10748"
"2021-09-03","520","1","500000","1584","380","300","21901"
"2021-09-04","234","25","8000","568","331","250","891"
"2021-09-05","167","6","4920","534","280","250","810"
"2021-09-06","445","7","13100","714","400","250","1229"
"2021-09-07","388","10","149000","1093","390","450","7594"
"2021-09-08","374","15","18001","897","420","350","1745"
"2021-09-09","395","4","225000","1990","430","250","12307"
"2021-09-10","327","10","15000","952","450","450","1621"
"2021-09-11","180","15","8160","804","362","400","1257"
"2021-09-12","146","1","23399","560","290","300","1965"
"2021-09-13","425","10","23000","859","380","300","1650"
"2021-09-14","455","1","34400","921","400","250","2112"
"2021-09-15","379","12","80000","975","380","400","4410"
"2021-09-16","410","1","20412","945","400","450","1753"
"2021-09-17","349","10","18157","1022","440","300","1901"
"2021-09-18","196","20","6750","612","341","250","805"
"2021-09-19","166","5","5000","521","300","250","738"
"2021-09-20","439","4","30000","964","400","350","2295"
"2021-09-21","357","10","20986","847","360","350","2051"
"2021-09-22","421","6","151500","1641","450","300","7853"
"2021-09-23","436","2","38100","962","387","250","2545"
"2021-09-24","288","10","34380","854","370","200","2594"
"2021-09-25","185","8","38100","1050","400","150","3251"
"2021-09-26","179","7","3031","410","300","200","430"
"2021-09-27","398","4","24171","1142","380","250","2420"
"2021-09-28","375","20","27677","941","400","250","2326"
"2021-09-29","412","3","77635","1783","365","350","7143"
"2021-09-30","406","1","38640","1328","430","250","3678"
"2021-10-01","510","10","42000","1368","368","200","3895"
"2021-10-02","220","20","42000","1047","350","250","3173"
"2021-10-03","169","9","11414","546","300","350","1054"
"2021-10-04","442","3","25000","936","350","300","2211"
"2021-10-05","476","15","25000","873","390","250","1722"
"2021-10-06","434","4","22456","682","350","250","1339"
"2021-10-07","383","1","22456","993","390","250","2179"
"2021-10-08","303","11","75000","983","400","200","4390"
"2021-10-09","176","10","16650","705","350","250","1432"
"2021-10-10","180","17","5800","558","322","250","764"
"2021-10-11","369","4","24675","907","390","250","2157"
"2021-10-12","421","9","16902","882","365","500","1773"
"2021-10-13","339","15","215000","1460","350","250","11726"
"2021-10-14","382","1","38100","944","400","400","2557"
"2021-10-15","292","7","40505","929","380","300","2981"
"2021-10-16","165","20","215000","2049","350","200","16660"
"2021-10-17","177","25","8729","580","320","200","899"
"2021-10-18","386","10","26586","763","350","250","1591"
"2021-10-19","425","2","41400","1427","400","250","3241"
"2021-10-20","359","5","18652","1067","425","200","2019"
"2021-10-21","403","3","10281","846","425","300","1269"
"2021-10-22","314","15","30000","799","430","250","1955"
"2021-10-23","220","15","8368","581","335","150","896"
"2021-10-24","165","20","2500","411","270","200","415"
"2021-10-25","420","1","34380","919","350","250","2890"
"2021-10-26","371","8","16348","1020","380","250","1996"
"2021-10-27","306","15","7000","751","400","250","975"
"2021-10-28","324","5","20251","772","350","250","1759"
"2021-10-29","281","20","18764","945","380","250","1903"
"2021-10-30","208","1","6500","513","285","250","858"
"2021-10-31","222","10","13143","833","350","350","1584"
"2021-11-01","427","3","17145","717","380","250","1134"
"2021-11-02","495","5","20560","778","395","200","1500"
"2021-11-03","425","7","16875","804","400","250","1299"
"2021-11-04","393","15","20560","763","400","250","1397"
"2021-11-05","294","5","10764","750","392","250","1144"
"2021-11-06","200","12","10070","743","375","250","1249"
"2021-11-07","170","30","5425","606","300","250","877"
"2021-11-08","388","1","8004","756","380","250","1096"
"2021-11-09","385","7","15400","780","360","250","1557"
"2021-11-10","363","10","8640","826","400","500","1186"
"2021-11-11","324","10","34400","987","420","250","2543"
"2021-11-12","338","5","17280","896","400","400","1696"
"2021-11-13","244","10","11252","879","420","1500","1266"
"2021-11-14","190","1","8500","582","325","200","887"
"2021-11-15","398","4","12451","737","350","250","1366"
"2021-11-16","395","10","259000","2164","413","400","14301"
"2021-11-17","445","6","20800","1102","450","200","2127"
"2021-11-18","266","3","13310","783","430","200","1237"
"2021-11-19","227","10","16694","775","350","400","1579"
"2021-11-20","160","8","8500","491","325","500","758"
"2021-11-21","160","20","4700","453","250","250","696"
"2021-11-22","428","1","13800","701","350","220","1289"
"2021-11-23","440","1","41265","938","370","200","2560"
"2021-11-24","410","3","43500","1041","422","200","2634"
"2021-11-25","335","15","9533","743","400","350","1183"
"2021-11-26","332","25","41265","1352","350","300","3625"
"2021-11-27","213","12","5796","588","345","350","927"
"2021-11-28","224","10","8160","614","320","180","989"
"2021-11-29","461","7","38640","1187","390","200","3127"
"2021-11-30","383","14","20412","763","350","350","1898"
"2021-12-01","480","1","38700","1176","350","250","3609"
"2021-12-02","422","4","36750","1105","420","250","2939"
"2021-12-03","331","15","131250","1599","380","250","7758"
"2021-12-04","202","15","24000","856","330","250","1923"
"2021-12-05","242","15","23399","691","330","200","1644"
"2021-12-06","441","5","24301","937","380","250","2295"
"2021-12-07","407","5","33750","964","420","200","2536"
"2021-12-08","412","10","123456","1747","431","300","8610"
"2021-12-09","396","20","10080","966","445","300","1423"
"2021-12-10","361","2","23399","1005","380","250","2262"
"2021-12-11","205","3","7290","606","300","280","949"
"2021-12-12","169","25","4000","609","310","250","758"
"2021-12-13","360","9","16500","836","390","350","1499"
"2021-12-14","351","1","16000","798","390","400","1496"
"2021-12-15","356","7","41265","1170","450","250","3073"
"2021-12-16","350","10","30505","902","397","250","2187"
"2021-12-17","249","15","36669","1326","350","250","3640"
"2021-12-18","192","10","13923","657","350","350","1268"
"2021-12-19","165","25","10080","503","290","250","1005"
"2021-12-20","307","5","36000","839","330","300","2596"
"2021-12-21","263","5","17940","900","360","300","1999"
"2021-12-22","229","15","131001","1867","450","400","10055"
"2021-12-23","243","7","47500","1938","400","250","5667"
"2021-12-24","114","20","8000","627","325","20","962"
"2021-12-25","103","15","9121","506","330","250","938"
"2021-12-26","148","18","4700","481","262","200","662"
"2021-12-27","319","10","11715","679","365","450","1158"
"2021-12-28","250","12","7428","649","306","200","1038"
"2021-12-29","263","9","11034","742","380","300","1399"
"2021-12-30","215","10","5600","521","300","250","779"
"2021-12-31","110","19","5727","560","350","400","734"
"2022-01-01","70","28","14548","770","350","250","1954"
"2022-01-02","218","1","8500","681","295","250","1289"
"2022-01-03","526","1","8846","722","322","200","1295"
"2022-01-04","530","1","74000","1171","372","250","4151"
"2022-01-05","476","4","18764","856","380","350","1726"
"2022-01-06","391","1","34400","905","400","300","2219"
"2022-01-07","365","5","23760","788","330","250","1885"
"2022-01-08","221","1","15000","637","290","300","1323"
"2022-01-09","204","15","6000","446","300","250","592"
"2022-01-10","500","4","18006","910","360","250","1820"
"2022-01-11","498","15","30000","969","400","200","2344"
"2022-01-12","458","5","7200","692","403","250","914"
"2022-01-13","478","10","41265","845","350","250","2433"
"2022-01-14","389","5","30505","922","450","500","1937"
"2022-01-15","184","20","5000","597","300","300","865"
"2022-01-16","215","4","4626","419","300","250","590"
"2022-01-17","494","8","46000","1123","400","500","3412"
"2022-01-18","419","7","36000","962","400","500","2670"
"2022-01-19","361","4","18090","726","380","200","1291"
"2022-01-20","331","3","18090","864","450","500","1545"
"2022-01-21","328","10","19266","766","380","250","1587"
"2022-01-22","203","10","19266","689","300","300","1715"
"2022-01-23","222","30","8190","676","312","250","985"
"2022-01-24","343","8","160000","1337","360","300","8815"
"2022-01-25","347","1","690000","3251","350","300","37586"
"2022-01-26","361","8","54500","868","390","250","3060"
"2022-01-27","401","1","42050","1596","450","300","4204"
"2022-01-28","294","10","32000","829","372","250","2204"
"2022-01-29","192","15","26809","1225","325","300","3338"
"2022-01-30","238","10","8500","653","350","250","1041"
"2022-01-31","397","7","19320","630","330","250","1553"
"2022-02-01","473","8","30000","926","390","200","2483"
"2022-02-02","433","2","30000","1026","400","200","2432"
"2022-02-03","397","7","12451","812","400","450","1414"
"2022-02-04","393","1","10080","737","380","250","1173"
"2022-02-05","190","20","17280","686","300","300","1499"
"2022-02-06","197","8","5408","495","300","130","692"
"2022-02-07","435","10","18000","1116","400","350","2297"
"2022-02-08","380","5","6632","736","420","250","892"
"2022-02-09","420","1","56160","1034","390","300","3265"
"2022-02-10","384","15","54500","1236","400","300","4682"
"2022-02-11","314","1","23000","778","450","300","1460"
"2022-02-12","204","5","23000","689","350","250","1745"
"2022-02-13","222","10","7000","602","350","300","814"
"2022-02-14","406","16","12000","898","370","300","1593"
"2022-02-15","439","15","16200","917","450","450","1566"
"2022-02-16","420","10","145000","1311","399","200","7222"
"2022-02-17","405","6","165000","1363","400","500","8384"
"2022-02-18","338","1","165000","1736","375","500","12668"
"2022-02-19","219","25","9920","851","400","650","1540"
"2022-02-20","181","8","9930","594","300","250","1124"
"2022-02-21","471","15","49406","1130","380","300","3381"
"2022-02-22","431","8","12227","755","399","250","1251"
"2022-02-23","431","4","65000","1546","450","200","4936"
"2022-02-24","334","15","18165","1095","400","300","2148"
"2022-02-25","294","8","55860","1062","400","500","3808"
"2022-02-26","171","7","11547","575","340","280","1126"
"2022-02-27","183","15","23399","595","300","300","1778"
"2022-02-28","398","8","28885","993","355","350","2264"
"2022-03-01","477","8","12659","755","380","450","1333"
"2022-03-02","415","1","12226","748","360","250","1175"
"2022-03-03","375","15","22456","1000","430","500","1984"
"2022-03-04","323","8","23500","1182","450","500","2711"
"2022-03-05","194","10","10080","587","350","250","971"
"2022-03-06","158","10","10000","572","300","220","1142"
"2022-03-07","471","5","39650","1404","390","220","4119"
"2022-03-08","367","10","18000","1073","450","450","2181"
"2022-03-09","395","5","16450","887","440","650","1536"
"2022-03-10","398","1","20572","1034","420","200","2146"
"2022-03-11","322","15","23220","813","400","550","1696"
"2022-03-12","209","20","195000","1630","350","250","13463"
"2022-03-13","212","20","47000","1255","323","250","4007"
"2022-03-14","465","1","24500","1162","400","200","2176"
"2022-03-15","398","4","8912","761","400","250","1089"
"2022-03-16","473","10","125000","2532","490","250","10679"
"2022-03-17","422","7","20000","1358","550","250","2338"
"2022-03-18","323","10","38640","1160","400","300","3424"
"2022-03-19","191","1","4000","580","390","450","670"
"2022-03-20","149","1","23710","829","280","220","2543"
"2022-03-21","426","7","38640","1212","400","300","3564"
"2022-03-22","447","1","220000","1464","400","450","10514"
"2022-03-23","408","25","14186","832","360","200","1524"
"2022-03-24","347","15","13851","916","400","300","1752"
"2022-03-25","339","15","13851","994","400","200","1598"
"2022-03-26","173","15","4500","558","290","200","674"
"2022-03-27","188","5","8500","712","312","220","1274"
"2022-03-28","394","2","30000","997","357","250","2509"
"2022-03-29","374","8","11091","827","366","250","1186"
"2022-03-30","360","3","109000","1019","350","350","5825"
"2022-03-31","397","3","27840","1085","395","250","2463"
"2022-04-01","402","5","21304","1011","402","250","2232"
"2022-04-02","183","10","5750","471","320","350","564"
"2022-04-03","145","25","4500","589","300","300","854"
"2022-04-04","351","1","33638","1173","420","500","2950"
"2022-04-05","403","1","185000","1285","390","450","9304"
"2022-04-06","373","10","42050","1027","400","600","2914"
"2022-04-07","324","25","11034","835","470","300","1261"
